{
  "welcomeFile": "webapp/index.html",
  "authenticationMethod": "route",
  "routes": [
    {
      "source": "^/srv/(.*)$",
      "target": "$1",
      "destination": "uweb_umce_qas_api",
      "authenticationType": "xsuaa",
      "csrfProtection": false
    },
    {
      "source": "^/appconfig/",
      "localDir": ".",
      "cacheControl": "no-cache, no-store, must-revalidate"
    },
    {
      "source": "^/sap/ui5/1/(.*)$",
      "target": "$1",
      "destination": "UI5",
      "csrfProtection": false
    },
    {
      "source": "^/webapp/ADS/(.*)$",
      "target": "$1",
      "destination": "UMC-ADS-API",
      "authenticationType": "none"
    },
    {
      "source": "^/webapp/srv/(.*)$",
      "target": "$1",
      "destination": "uweb_umce_qas_api",
      "authenticationType": "xsuaa",
      "csrfProtection": false
    },
    {
      "source": "^/webapp/(.*)$",
      "target": "$1",
      "localDir": "webapp"
    }
  ]
}
